Points,K,MultEps,MinPts,Nodes,S1-Parsing,S2-Kd-tree,S3-Up max angles,S3.5-AllGather angles,S4-EPS&other,S5-DBSCAN,S6-Border-tree,S7-Core points,S7.5-AlltoAll,S8-File print/Total Time,NumberClusters,CPUinfo
52072,5,1.30,7,1,0.0862,0.1532,14.5182,14.5247,14.5261,29.4027,29.4135,33.3850,33.3860,33.7885,10,Intel(R) Xeon(R) Gold 6418H
52072,5,1.30,7,1,0.0147,0.0795,14.4995,14.5017,14.5030,29.3330,29.3431,33.4037,33.4045,33.5259,10,Intel(R) Xeon(R) Gold 6418H
52072,5,1.30,7,1,0.0147,0.0826,14.7581,14.7626,14.7640,29.7117,29.7220,33.8453,33.8463,34.1674,10,Intel(R) Xeon(R) Gold 6418H
52072,5,1.30,7,1,0.0124,0.0775,14.7196,14.7221,14.7235,29.5877,29.5978,33.7079,33.7087,33.9921,10,Intel(R) Xeon(R) Gold 6418H
52072,5,1.30,7,1,0.0089,0.1071,26.2165,26.2191,26.2212,47.8788,47.8936,55.2539,55.2554,55.4265,10,Intel(R) Xeon(R) Gold 6252N CPU @ 2.30GHz
52072,5,1.30,7,1,0.0260,0.1302,26.6609,26.6641,26.6660,48.3517,48.3669,55.9203,55.9218,56.2703,10,Intel(R) Xeon(R) Gold 6252N CPU @ 2.30GHz
52072,5,1.30,7,1,0.0402,0.1451,26.1969,26.1993,26.2014,47.7634,47.7780,55.1404,55.1419,55.5339,10,Intel(R) Xeon(R) Gold 6252N CPU @ 2.30GHz
52072,5,1.30,7,1,0.0352,0.1340,26.2341,26.2367,26.2387,47.8930,47.9076,55.2953,55.2967,55.4868,10,Intel(R) Xeon(R) Gold 6252N CPU @ 2.30GHz
52072,5,1.30,7,1,0.0545,0.1577,26.3116,26.3142,26.3162,48.0304,48.0449,55.3966,55.3981,56.0474,10,Intel(R) Xeon(R) Gold 6252N CPU @ 2.30GHz
52072,5,1.30,7,1,0.0586,0.1593,26.2847,26.2874,26.2893,47.9562,47.9708,55.3184,55.3199,55.8404,10,Intel(R) Xeon(R) Gold 6252N CPU @ 2.30GHz
52072,5,1.30,7,1,0.0362,0.1391,26.7819,26.7846,26.7866,48.5096,48.5248,56.1051,56.1064,56.2946,10,Intel(R) Xeon(R) Gold 6252N CPU @ 2.30GHz
52072,5,1.30,7,1,0.0293,0.1308,26.7938,26.7966,26.7985,48.5252,48.5405,56.1321,56.1336,56.2866,10,Intel(R) Xeon(R) Gold 6252N CPU @ 2.30GHz
52072,5,1.30,7,2,0.0433,0.1092,6.9324,14.1689,14.1705,28.8390,28.8490,30.7083,39.8481,40.0936,10,Intel(R) Xeon(R) Gold 6418H
52072,5,1.30,7,2,0.0344,0.1012,6.8972,8.1798,8.1815,23.1424,23.1533,25.0487,25.3103,25.7080,10,Intel(R) Xeon(R) Gold 6418H
52072,5,1.30,7,2,0.0335,0.1312,12.4656,12.4717,12.4739,34.4036,34.4190,37.9036,37.9050,38.1766,10,Intel(R) Xeon(R) Gold 6252N CPU @ 2.30GHz
52072,5,1.30,7,2,0.0240,0.1226,12.2144,14.2016,14.2039,35.9378,35.9527,39.3633,39.9779,40.1994,10,Intel(R) Xeon(R) Gold 6252N CPU @ 2.30GHz
52072,5,1.30,7,2,0.0320,0.1305,12.4104,14.4220,14.4243,35.9640,35.9787,39.3874,40.0332,40.3662,10,Intel(R) Xeon(R) Gold 6252N CPU @ 2.30GHz
52072,5,1.30,7,2,0.0232,0.1207,12.4268,14.3924,14.3945,36.0572,36.0725,39.5483,40.0024,40.4640,10,Intel(R) Xeon(R) Gold 6252N CPU @ 2.30GHz
52072,5,1.30,7,2,0.0440,0.1102,6.9291,14.4845,14.4861,29.2458,29.2561,31.1586,40.2868,40.6178,10,Intel(R) Xeon(R) Gold 6418H
52072,5,1.30,7,2,0.0229,0.1196,12.2873,14.4411,14.4435,36.2640,36.2792,39.6949,40.2234,40.5958,10,Intel(R) Xeon(R) Gold 6252N CPU @ 2.30GHz
52072,5,1.30,7,2,0.0332,0.1332,12.4527,14.4444,14.4466,36.1417,36.1577,39.6184,40.2571,40.5679,10,Intel(R) Xeon(R) Gold 6252N CPU @ 2.30GHz
52072,5,1.30,7,2,0.0316,0.1267,12.2284,14.4650,14.4672,35.9997,36.0146,39.3998,40.2612,40.5070,10,Intel(R) Xeon(R) Gold 6252N CPU @ 2.30GHz
52072,5,1.30,7,4,0.0326,0.1261,4.7505,8.1165,8.1188,29.2810,29.2962,30.5227,31.5334,31.5918,10,Intel(R) Xeon(R) Gold 6140M CPU @ 2.30GHz
52072,5,1.30,7,4,0.0776,0.1739,4.9024,8.1489,8.1615,29.5517,29.5672,30.8215,31.5974,31.6930,10,Intel(R) Xeon(R) Gold 6140M CPU @ 2.30GHz
52072,5,1.30,7,4,0.0968,0.1906,4.8259,8.0447,8.0653,29.2127,29.2279,30.4531,31.5370,31.6173,10,Intel(R) Xeon(R) Gold 6154 CPU @ 3.00GHz
52072,5,1.30,7,4,0.0334,0.1329,4.9984,8.3753,8.3777,30.0690,30.0843,31.3755,32.6511,32.6878,10,Intel(R) Xeon(R) Gold 6252N CPU @ 2.30GHz
52072,5,1.30,7,4,0.0332,0.1322,4.9808,8.2791,8.2813,29.9384,29.9537,31.2410,32.1741,32.2161,10,Intel(R) Xeon(R) Gold 6252N CPU @ 2.30GHz
52072,5,1.30,7,4,0.0341,0.0989,2.7469,8.3173,8.3190,23.1902,23.2006,23.9110,32.3966,32.4390,10,Intel(R) Xeon(R) Gold 6418H
52072,5,1.30,7,4,0.0329,0.1304,4.9730,8.2161,8.2184,29.8944,29.9098,31.1978,32.2628,32.3449,10,Intel(R) Xeon(R) Gold 6252N CPU @ 2.30GHz
52072,5,1.30,7,4,0.0349,0.1020,2.7475,4.6834,4.6850,19.6573,19.6685,20.3892,20.6822,20.8431,10,Intel(R) Xeon(R) Gold 6418H
52072,5,1.30,7,1,0.0052,0.0701,14.4851,14.4872,14.4886,29.3362,29.3464,33.3891,33.3900,33.6912,10,Intel(R) Xeon(R) Gold 6418H
52072,5,1.30,7,1,0.0066,0.0732,14.7934,14.7973,14.7987,29.7462,29.7572,33.8884,33.8894,33.9629,10,Intel(R) Xeon(R) Gold 6418H
52072,5,1.30,7,1,0.0103,0.0765,15.0033,15.0062,15.0075,29.8688,29.8791,34.0556,34.0563,34.2208,10,Intel(R) Xeon(R) Gold 6418H
52072,5,1.30,7,1,0.0343,0.1354,26.6742,26.6779,26.6799,48.2827,48.2971,55.6126,55.6141,55.9024,10,Intel(R) Xeon(R) Gold 6252N CPU @ 2.30GHz
52072,5,1.30,7,1,0.0070,0.1024,26.1949,26.1974,26.1994,47.9229,47.9375,55.2818,55.2833,55.6076,10,Intel(R) Xeon(R) Gold 6252N CPU @ 2.30GHz
52072,5,1.30,7,1,0.0062,0.1017,26.2041,26.2067,26.2087,47.8850,47.8996,55.2359,55.2374,55.5629,10,Intel(R) Xeon(R) Gold 6252N CPU @ 2.30GHz
52072,5,1.30,7,1,0.0093,0.1092,26.6935,26.6964,26.6983,48.2965,48.3112,55.7378,55.7392,55.8447,10,Intel(R) Xeon(R) Gold 6252N CPU @ 2.30GHz
52072,5,1.30,7,1,0.0091,0.1095,26.7891,26.7918,26.7937,48.3963,48.4110,55.8677,55.8689,56.0102,10,Intel(R) Xeon(R) Gold 6252N CPU @ 2.30GHz
52072,5,1.30,7,1,0.0232,0.1242,26.7192,26.7217,26.7236,48.3512,48.3658,55.7715,55.7731,55.9009,10,Intel(R) Xeon(R) Gold 6252N CPU @ 2.30GHz
52072,5,1.30,7,1,0.0129,0.1125,26.7408,26.7432,26.7454,48.4753,48.4905,56.0427,56.0442,56.1765,10,Intel(R) Xeon(R) Gold 6252N CPU @ 2.30GHz
52072,5,1.30,7,1,0.0078,0.1031,26.2495,26.2523,26.2542,48.0111,48.0261,55.4344,55.4360,55.5689,10,Intel(R) Xeon(R) Gold 6252N CPU @ 2.30GHz
52072,5,1.30,7,2,0.0340,0.0987,6.7812,7.9412,7.9428,22.7310,22.7411,24.6265,25.0174,25.1949,10,Intel(R) Xeon(R) Gold 6418H
52072,5,1.30,7,2,0.1028,0.2016,12.6305,13.3715,13.3738,35.1705,35.1858,38.6497,38.6509,38.8421,10,Intel(R) Xeon(R) Gold 6252N CPU @ 2.30GHz
52072,5,1.30,7,2,0.0226,0.1115,11.2869,14.0376,14.0400,34.0459,34.0595,37.1842,39.0062,39.1964,10,Intel(R) Xeon(R) Gold 5220 CPU @ 2.20GHz
52072,5,1.30,7,2,0.0328,0.1278,12.2532,14.5003,14.5025,36.2299,36.2448,39.6476,40.3683,40.6260,10,Intel(R) Xeon(R) Gold 6252N CPU @ 2.30GHz
52072,5,1.30,7,2,0.0328,0.1304,12.4917,14.1834,14.1856,35.8973,35.9127,39.4031,39.9102,40.1639,10,Intel(R) Xeon(R) Gold 6252N CPU @ 2.30GHz
52072,5,1.30,7,2,0.0529,0.1511,12.5376,14.4534,14.4556,36.1931,36.2085,39.6982,40.2089,40.4491,10,Intel(R) Xeon(R) Gold 6252N CPU @ 2.30GHz
52072,5,1.30,7,2,0.0628,0.1620,12.2836,14.1864,14.1885,35.8393,35.8538,39.2460,39.7697,40.0506,10,Intel(R) Xeon(R) Gold 6252N CPU @ 2.30GHz
52072,5,1.30,7,2,0.0432,0.1387,12.3038,14.5780,14.5803,36.3014,36.3162,39.7045,40.6091,40.9182,10,Intel(R) Xeon(R) Gold 6252N CPU @ 2.30GHz
52072,5,1.30,7,2,0.0332,0.1337,12.4620,14.5181,14.5203,36.1958,36.2111,39.6963,40.4406,40.7677,10,Intel(R) Xeon(R) Gold 6252N CPU @ 2.30GHz
52072,5,1.30,7,8,0.0382,0.1385,2.3569,4.4098,4.4123,26.1080,26.1232,26.6982,28.3374,28.4691,10,Intel(R) Xeon(R) Gold 6252N CPU @ 2.30GHz
52072,5,1.30,7,8,0.0679,0.1648,2.3632,3.9867,3.9890,25.7314,25.7466,26.3120,26.3126,26.3472,10,Intel(R) Xeon(R) Gold 6252N CPU @ 2.30GHz
52072,5,1.30,7,8,0.0368,0.1349,2.3662,4.3642,4.3665,26.1252,26.1407,26.7186,27.9766,28.0391,10,Intel(R) Xeon(R) Gold 6252N CPU @ 2.30GHz
52072,5,1.30,7,8,0.0376,0.1376,2.3627,4.4235,4.4259,26.1461,26.1615,26.7360,28.4275,28.4740,10,Intel(R) Xeon(R) Gold 6252N CPU @ 2.30GHz
52072,5,1.30,7,8,0.0500,0.1170,1.3243,2.4913,2.4931,17.3911,17.4020,17.7207,17.8580,18.0879,10,Intel(R) Xeon(R) Gold 6418H
52072,5,1.30,7,8,0.0383,0.1367,2.3154,4.4285,4.4308,26.1614,26.1763,26.7367,28.0500,28.2060,10,Intel(R) Xeon(R) Gold 6252N CPU @ 2.30GHz
52072,5,1.30,7,8,0.0263,0.1218,2.3118,4.3573,4.3596,26.1255,26.1405,26.7017,27.6949,27.7565,10,Intel(R) Xeon(R) Gold 6252N CPU @ 2.30GHz
52072,5,1.30,7,8,0.0371,0.1359,2.3709,4.2903,4.2927,26.1736,26.1885,26.7578,27.4915,27.6038,10,Intel(R) Xeon(R) Gold 6252N CPU @ 2.30GHz
52072,5,1.30,7,8,0.0483,0.1464,2.3265,4.4199,4.4222,26.0273,26.0421,26.5973,28.2856,28.3811,10,Intel(R) Xeon(R) Gold 6252N CPU @ 2.30GHz
52072,5,1.30,7,8,0.0582,0.1250,1.3382,2.4911,2.4928,17.4608,17.4719,17.7817,17.8981,18.1431,10,Intel(R) Xeon(R) Gold 6418H
52072,5,1.30,7,8,0.0266,0.1247,2.3567,4.3485,4.3509,26.1335,26.1490,26.7260,27.7616,27.8648,10,Intel(R) Xeon(R) Gold 6252N CPU @ 2.30GHz
52072,5,1.30,7,8,0.0379,0.1360,2.3186,4.3672,4.3694,26.0776,26.0927,26.6538,28.2327,28.3412,10,Intel(R) Xeon(R) Gold 6252N CPU @ 2.30GHz
52072,5,1.30,7,8,0.0379,0.1362,2.3804,4.3994,4.4017,26.2151,26.2305,26.8095,27.7166,27.7882,10,Intel(R) Xeon(R) Gold 6252N CPU @ 2.30GHz
52072,5,1.30,7,8,0.0377,0.1328,2.3224,4.4340,4.4362,26.1861,26.2010,26.7618,28.1392,28.2125,10,Intel(R) Xeon(R) Gold 6252N CPU @ 2.30GHz
52072,5,1.30,7,8,0.0786,0.1458,1.3567,2.4860,2.4877,17.4559,17.4669,17.7855,17.9165,18.0670,10,Intel(R) Xeon(R) Gold 6418H
52072,5,1.30,7,8,0.0273,0.1227,2.3090,4.3246,4.3268,26.1249,26.1400,26.7009,27.8582,28.0266,10,Intel(R) Xeon(R) Gold 6252N CPU @ 2.30GHz
52072,5,1.30,7,8,0.0377,0.1359,2.3221,4.3870,4.3893,26.1237,26.1386,26.6993,27.8391,28.0896,10,Intel(R) Xeon(R) Gold 6252N CPU @ 2.30GHz
52072,5,1.30,7,8,0.0376,0.1337,2.3276,4.3630,4.3652,26.1481,26.1630,26.7270,27.9958,28.0439,10,Intel(R) Xeon(R) Gold 6252N CPU @ 2.30GHz
52072,5,1.30,7,8,0.0383,0.1360,2.3185,4.4060,4.4083,26.0773,26.0919,26.6522,28.2999,28.4559,10,Intel(R) Xeon(R) Gold 6252N CPU @ 2.30GHz
52072,5,1.30,7,4,0.0986,0.1959,5.0124,7.8297,7.8440,29.4354,29.4509,30.7148,30.7156,30.7854,10,Intel(R) Xeon(R) Gold 6140M CPU @ 2.30GHz
52072,5,1.30,7,4,0.0231,0.1186,4.8870,8.2520,8.2542,29.9122,29.9269,31.1900,32.1946,32.2319,10,Intel(R) Xeon(R) Gold 6252N CPU @ 2.30GHz
52072,5,1.30,7,4,0.0227,0.1181,4.8924,8.2906,8.2930,30.0649,30.0800,31.3436,32.2235,32.2543,10,Intel(R) Xeon(R) Gold 6252N CPU @ 2.30GHz
52072,5,1.30,7,4,0.0224,0.1204,4.9644,8.2298,8.2319,29.8755,29.8902,31.1561,32.0660,32.1016,10,Intel(R) Xeon(R) Gold 6252N CPU @ 2.30GHz
52072,5,1.30,7,4,0.0452,0.1138,2.7512,4.6980,4.6997,19.6477,19.6588,20.3809,20.6975,21.0239,10,Intel(R) Xeon(R) Gold 6418H
52072,5,1.30,7,4,0.0437,0.1444,4.9781,8.2796,8.2818,29.8992,29.9138,31.1647,32.1504,32.2097,10,Intel(R) Xeon(R) Gold 6252N CPU @ 2.30GHz
52072,5,1.30,7,4,0.0232,0.0889,2.7569,8.3019,8.3036,23.1548,23.1655,23.8790,32.2682,32.3371,10,Intel(R) Xeon(R) Gold 6418H
52072,5,1.30,7,4,0.0325,0.1226,4.5789,8.1132,8.1154,28.0830,28.0975,29.2860,31.7344,31.7864,10,Intel(R) Xeon(R) Gold 5220 CPU @ 2.20GHz
52072,5,1.30,7,4,0.0238,0.1206,4.9051,8.2246,8.2269,30.0989,30.1141,31.3858,32.0323,32.0852,10,Intel(R) Xeon(R) Gold 6252N CPU @ 2.30GHz
52072,5,1.30,7,4,0.0336,0.1339,4.9764,8.2659,8.2681,29.9833,29.9986,31.2959,32.1103,32.1766,10,Intel(R) Xeon(R) Gold 6252N CPU @ 2.30GHz
52072,5,1.30,7,4,0.0683,0.1653,4.9304,7.6441,7.6577,29.2842,29.2998,30.5611,30.5619,30.6656,10,Intel(R) Xeon(R) Gold 6140M CPU @ 2.30GHz
52072,5,1.30,7,4,0.0224,0.1205,4.9818,8.2774,8.2797,30.3044,30.3197,31.6140,32.1924,32.2278,10,Intel(R) Xeon(R) Gold 6252N CPU @ 2.30GHz
52072,5,1.30,7,4,0.0235,0.1217,4.8691,8.3110,8.3132,30.0560,30.0710,31.3308,32.4325,32.4850,10,Intel(R) Xeon(R) Gold 6252N CPU @ 2.30GHz
52072,5,1.30,7,4,0.0325,0.1302,4.9820,8.3232,8.3254,30.2815,30.2967,31.5858,32.4423,32.5231,10,Intel(R) Xeon(R) Gold 6252N CPU @ 2.30GHz
52072,5,1.30,7,16,0.0184,0.1131,0.8363,2.3812,2.3835,24.0840,24.0987,24.2777,26.3064,26.4176,10,Intel(R) Xeon(R) Gold 6252N CPU @ 2.30GHz
52072,5,1.30,7,16,0.0192,0.1126,0.8189,2.2987,2.3012,23.4535,23.4687,23.6437,26.0924,26.1678,10,Intel(R) Xeon(R) Gold 6140M CPU @ 2.30GHz
52072,5,1.30,7,16,0.0181,0.1156,0.8485,2.3809,2.3837,24.0733,24.0888,24.2723,26.5060,26.5594,10,Intel(R) Xeon(R) Gold 6252N CPU @ 2.30GHz
52072,5,1.30,7,16,0.0196,0.1154,0.8304,2.3363,2.3389,23.4467,23.4620,23.6421,26.1403,26.1974,10,Intel(R) Xeon(R) Gold 6140M CPU @ 2.30GHz
52072,5,1.30,7,16,0.0178,0.1126,0.8356,2.3439,2.3462,24.0332,24.0482,24.2275,26.2919,26.3373,10,Intel(R) Xeon(R) Gold 6252N CPU @ 2.30GHz
52072,5,1.30,7,16,0.0188,0.1125,0.8174,2.3316,2.3342,23.3843,23.3986,23.5723,26.1338,26.2200,10,Intel(R) Xeon(R) Gold 6140M CPU @ 2.30GHz
52072,5,1.30,7,16,0.0381,0.1329,0.8553,2.3872,2.3896,24.1355,24.1505,24.3320,26.5661,26.6261,10,Intel(R) Xeon(R) Gold 6252N CPU @ 2.30GHz
52072,5,1.30,7,16,0.0193,0.1149,0.8311,2.3187,2.3212,23.4211,23.4367,23.6153,26.0284,26.0778,10,Intel(R) Xeon(R) Gold 6140M CPU @ 2.30GHz
52072,5,1.30,7,16,0.0432,0.1104,0.5007,1.3302,1.3341,16.1936,16.2047,16.3055,16.5661,16.8197,10,Intel(R) Xeon(R) Gold 6418H
52072,5,1.30,7,16,0.0177,0.1148,0.8504,2.3354,2.3380,24.1955,24.2100,24.3878,26.3135,26.3665,10,Intel(R) Xeon(R) Gold 6252N CPU @ 2.30GHz
52072,5,1.30,7,16,0.0187,0.1142,0.8304,2.3376,2.3401,23.3697,23.3840,23.5596,25.9362,25.9864,10,Intel(R) Xeon(R) Gold 6140M CPU @ 2.30GHz
52072,5,1.30,7,16,0.0178,0.1129,0.8356,2.3824,2.3848,23.9407,23.9557,24.1375,26.5117,26.5714,10,Intel(R) Xeon(R) Gold 6252N CPU @ 2.30GHz
52072,5,1.30,7,16,0.0392,0.1328,0.8412,2.3551,2.3576,23.4825,23.4975,23.6727,26.0238,26.1235,10,Intel(R) Xeon(R) Gold 6140M CPU @ 2.30GHz
52072,5,1.30,7,16,0.0281,0.1250,0.8622,2.3491,2.3518,24.0496,24.0645,24.2460,26.2290,26.2779,10,Intel(R) Xeon(R) Gold 6252N CPU @ 2.30GHz
52072,5,1.30,7,16,0.0192,0.1129,0.8188,2.3224,2.3250,23.3888,23.4033,23.5770,26.0611,26.1484,10,Intel(R) Xeon(R) Gold 6140M CPU @ 2.30GHz
52072,5,1.30,7,16,0.0177,0.1151,0.8492,2.3782,2.3806,24.2916,24.3068,24.4902,26.5134,26.5950,10,Intel(R) Xeon(R) Gold 6252N CPU @ 2.30GHz
52072,5,1.30,7,16,0.0392,0.1350,0.8500,2.3528,2.3554,23.4496,23.4648,23.6440,26.2132,26.2646,10,Intel(R) Xeon(R) Gold 6140M CPU @ 2.30GHz
52072,5,1.30,7,16,0.0416,0.1106,0.5070,1.3095,1.3118,16.1715,16.1828,16.2868,16.4377,16.8003,10,Intel(R) Xeon(R) Gold 6418H
52072,5,1.30,7,16,0.0182,0.1132,0.8358,2.3627,2.3654,24.0626,24.0772,24.2559,26.4405,26.4874,10,Intel(R) Xeon(R) Gold 6252N CPU @ 2.30GHz
52072,5,1.30,7,16,0.0184,0.1156,0.8505,2.3507,2.3530,24.0264,24.0417,24.2250,26.4876,26.5942,10,Intel(R) Xeon(R) Gold 6252N CPU @ 2.30GHz
52072,5,1.30,7,16,0.0500,0.1504,0.8898,2.3775,2.3799,24.4090,24.4248,24.6143,26.5040,26.7350,10,Intel(R) Xeon(R) Gold 6252N CPU @ 2.30GHz
52072,5,1.30,7,16,0.0196,0.1167,0.8508,2.3656,2.3679,24.0398,24.0546,24.2351,26.4291,26.4848,10,Intel(R) Xeon(R) Gold 6252N CPU @ 2.30GHz
52072,5,1.30,7,16,0.0394,0.1414,0.8787,2.3853,2.3884,24.2421,24.2569,24.4402,26.4782,26.5894,10,Intel(R) Xeon(R) Gold 6252N CPU @ 2.30GHz
52072,5,1.30,7,16,0.0177,0.1150,0.8497,2.3683,2.3707,24.2755,24.2919,24.4779,26.4473,26.4982,10,Intel(R) Xeon(R) Gold 6252N CPU @ 2.30GHz
52072,5,1.30,7,16,0.0531,0.1224,0.5184,1.3438,1.3469,16.2097,16.2206,16.3234,16.5757,16.9482,10,Intel(R) Xeon(R) Gold 6418H
52072,5,1.30,7,16,0.0184,0.1134,0.8363,2.3832,2.3856,23.9314,23.9460,24.1260,26.3548,26.4902,10,Intel(R) Xeon(R) Gold 6252N CPU @ 2.30GHz
52072,5,1.30,7,16,0.0297,0.1272,0.8563,2.3877,2.3902,24.3647,24.3799,24.5616,26.4955,26.6077,10,Intel(R) Xeon(R) Gold 6252N CPU @ 2.30GHz
52072,5,1.30,7,16,0.0288,0.1266,0.8595,2.3897,2.3921,24.0886,24.1040,24.2890,26.4962,26.7163,10,Intel(R) Xeon(R) Gold 6252N CPU @ 2.30GHz
52072,5,1.30,7,32,0.0373,0.1344,0.4846,1.4052,1.4077,23.0800,23.0948,23.1817,26.3104,26.6532,10,Intel(R) Xeon(R) Gold 6252N CPU @ 2.30GHz
52072,5,1.30,7,16,0.0645,0.1332,0.5315,1.3505,1.3523,16.2083,16.2196,16.3232,16.5949,16.9901,10,Intel(R) Xeon(R) Gold 6418H
52072,5,1.30,7,32,0.0275,0.1223,0.4683,1.3884,1.3908,23.1372,23.1523,23.2382,26.3595,26.4523,10,Intel(R) Xeon(R) Gold 6252N CPU @ 2.30GHz
52072,5,1.30,7,32,0.0885,0.1579,0.3447,0.8322,0.8341,15.7025,15.7137,15.7620,16.0127,16.4500,10,Intel(R) Xeon(R) Gold 6418H
52072,5,1.30,7,32,0.0591,0.1273,0.3196,0.8020,0.8062,15.6483,15.6595,15.7088,15.7758,16.3563,10,Intel(R) Xeon(R) Gold 6418H
52072,5,1.30,7,32,0.0594,0.1272,0.3178,0.7919,0.7957,15.6623,15.6733,15.7207,15.8940,16.3244,10,Intel(R) Xeon(R) Gold 6418H
52072,5,1.30,7,32,0.0578,0.1266,0.3153,0.7876,0.7923,15.6303,15.6414,15.6913,15.9464,16.4980,10,Intel(R) Xeon(R) Gold 6418H
52072,5,1.30,7,32,0.0881,0.1574,0.3467,0.8262,0.8299,15.6900,15.7011,15.7508,16.0121,16.6287,10,Intel(R) Xeon(R) Gold 6418H
52072,5,1.30,7,32,0.0586,0.1261,0.3147,0.7970,0.7994,15.6572,15.6682,15.7162,15.9784,16.4783,10,Intel(R) Xeon(R) Gold 6418H
212250,5,1.30,7,1,0.1546,0.4895,92.5520,92.5621,92.5675,340.7440,340.7976,362.1061,362.1094,362.3923,35,Intel(R) Xeon(R) Gold 6418H
212250,5,1.30,7,4,0.0615,0.5618,27.5369,49.1904,49.1992,410.6808,410.7587,416.6102,422.0762,422.1696,35,Intel(R) Xeon(R) Gold 6252N CPU @ 2.30GHz
212250,5,1.30,7,8,0.1184,0.6137,12.5505,26.0401,26.0492,386.8634,386.9413,389.5460,426.8902,427.0223,35,Intel(R) Xeon(R) Gold 6252N CPU @ 2.30GHz
212250,5,1.30,7,4,0.1082,0.6054,26.9149,50.9876,51.0176,409.0094,409.0868,414.7963,439.7390,439.8661,35,Intel(R) Xeon(R) Gold 6154 CPU @ 3.00GHz
212250,5,1.30,7,2,0.0708,0.5687,67.0876,88.2766,88.2859,445.6544,445.7318,461.4814,469.0581,469.6923,35,Intel(R) Xeon(R) Gold 6140M CPU @ 2.30GHz
212250,5,1.30,7,2,0.0537,0.5560,68.9151,89.4658,89.4749,450.7642,450.8425,466.9376,474.8545,475.7679,35,Intel(R) Xeon(R) Gold 6252N CPU @ 2.30GHz
212250,5,1.30,7,1,0.0331,0.5048,147.2323,147.2477,147.2558,485.0987,485.1723,522.2536,522.2601,522.5354,35,Intel(R) Xeon(R) Gold 5218 CPU @ 2.30GHz
212250,5,1.30,7,16,0.0621,0.5581,5.1261,14.2569,14.2664,375.2135,375.2916,376.2393,527.7248,527.9389,35,Intel(R) Xeon(R) Gold 6252N CPU @ 2.30GHz
212250,5,1.30,7,1,0.0490,0.5495,154.0582,154.0753,154.0837,514.3289,514.4052,553.2117,553.2172,553.6742,35,Intel(R) Xeon(R) Gold 6140M CPU @ 2.30GHz
212250,5,1.30,7,1,0.0087,0.3467,92.2480,92.2573,92.2627,340.4391,340.4928,362.0272,362.0308,362.3230,35,Intel(R) Xeon(R) Gold 6418H
212250,5,1.30,7,1,0.0249,0.7126,199.2810,199.3078,199.3186,671.9166,672.0252,725.0201,725.0286,725.4970,35,Intel(R) Xeon(R) CPU E5-2650 v3 @ 2.30GHz
212250,5,1.30,7,8,0.1095,0.6058,12.4578,26.0718,26.0810,386.9290,387.0071,389.6162,424.3921,424.5718,35,Intel(R) Xeon(R) Gold 6252N CPU @ 2.30GHz
212250,5,1.30,7,4,0.0782,0.5716,26.8564,50.9934,51.0262,405.3876,405.4650,411.1696,442.4120,442.5019,35,Intel(R) Xeon(R) Gold 6154 CPU @ 3.00GHz
212250,5,1.30,7,2,0.0402,0.5376,69.0567,89.7927,89.8025,451.0844,451.1633,467.2969,474.5291,475.1914,35,Intel(R) Xeon(R) Gold 6252N CPU @ 2.30GHz
212250,5,1.30,7,2,0.0720,0.5748,68.7041,89.7235,89.7324,451.3394,451.4175,467.4949,474.0724,474.6918,35,Intel(R) Xeon(R) Gold 6252N CPU @ 2.30GHz
212250,5,1.30,7,2,0.0721,0.5683,67.0343,88.0874,88.0967,447.3494,447.4267,463.0824,467.6157,468.2890,35,Intel(R) Xeon(R) Gold 6140M CPU @ 2.30GHz
212250,5,1.30,7,4,0.0913,0.5910,27.0538,48.7154,48.7296,407.1392,407.2169,412.9474,419.1974,419.3146,35,Intel(R) Xeon(R) Gold 6140M CPU @ 2.30GHz
212250,5,1.30,7,16,0.0618,0.5611,5.1289,14.2450,14.2546,374.8577,374.9355,375.8849,528.9769,529.1411,35,Intel(R) Xeon(R) Gold 6252N CPU @ 2.30GHz
212250,5,1.30,7,8,0.1322,0.4699,7.0483,15.6453,15.6515,265.8693,265.9232,267.3546,272.6204,273.0258,35,Intel(R) Xeon(R) Gold 6418H
212250,5,1.30,7,4,0.0498,0.5532,27.5896,49.3922,49.4012,411.6444,411.7234,417.5927,423.1497,423.3054,35,Intel(R) Xeon(R) Gold 6252N CPU @ 2.30GHz
212250,5,1.30,7,8,0.0984,0.5970,12.4976,25.4772,25.4862,387.3743,387.4519,390.0603,421.8242,421.8925,35,Intel(R) Xeon(R) Gold 6252N CPU @ 2.30GHz
212250,5,1.30,7,8,0.1116,0.4508,7.0258,15.1743,15.1804,265.5674,265.6212,267.0621,267.1544,267.6020,35,Intel(R) Xeon(R) Gold 6418H
212250,5,1.30,7,16,0.0602,0.5592,5.1177,13.8608,13.8704,374.2095,374.2872,375.2350,530.7689,530.9525,35,Intel(R) Xeon(R) Gold 6252N CPU @ 2.30GHz
212250,5,1.30,7,16,0.0615,0.5634,5.1183,13.7587,13.7682,374.5975,374.6761,375.6252,521.4653,521.5454,35,Intel(R) Xeon(R) Gold 6252N CPU @ 2.30GHz
212250,5,1.30,7,16,0.0965,0.4357,2.8633,8.0356,8.0418,258.3963,258.4500,258.9987,396.4137,396.8574,35,Intel(R) Xeon(R) Gold 6418H
212250,5,1.30,7,4,0.0505,0.5541,27.5986,49.1967,49.2057,410.8394,410.9174,416.7695,422.2626,422.7527,35,Intel(R) Xeon(R) Gold 6252N CPU @ 2.30GHz
212250,5,1.30,7,4,0.1144,0.6145,26.8538,51.0637,51.1004,414.4875,414.5657,420.2699,442.1876,442.3715,35,Intel(R) Xeon(R) Gold 6154 CPU @ 3.00GHz
212250,5,1.30,7,8,0.1108,0.5918,11.6057,24.5313,24.5406,367.5460,367.6200,370.0213,450.3166,450.4172,35,Intel(R) Xeon(R) Gold 5220 CPU @ 2.20GHz
212250,5,1.30,7,2,0.0600,0.5542,67.0023,88.1063,88.1156,447.3984,447.4764,463.1844,469.1179,469.7910,35,Intel(R) Xeon(R) Gold 6140M CPU @ 2.30GHz
212250,5,1.30,7,2,0.1005,0.5991,69.1870,90.3166,90.3257,452.2289,452.3069,468.4438,474.8219,475.2798,35,Intel(R) Xeon(R) Gold 6252N CPU @ 2.30GHz
212250,5,1.30,7,1,0.0294,0.5014,148.8483,148.8635,148.8718,489.4721,489.5460,526.8753,526.8818,527.3660,35,Intel(R) Xeon(R) Gold 5218 CPU @ 2.30GHz
212250,5,1.30,7,1,0.0144,0.4850,146.7612,146.7767,146.7848,485.4550,485.5283,522.4725,522.4788,522.8229,35,Intel(R) Xeon(R) Gold 5218 CPU @ 2.30GHz
212250,5,1.30,7,1,0.0363,0.5381,156.9290,156.9451,156.9537,518.1578,518.2352,557.9167,557.9225,558.5895,35,Intel(R) Xeon(R) Gold 6252N CPU @ 2.30GHz
212250,5,1.30,7,1,0.0302,0.5323,153.8048,153.8214,153.8299,518.3501,518.4270,557.0695,557.0762,557.4879,35,Intel(R) Xeon(R) Gold 6140M CPU @ 2.30GHz
212250,5,1.30,7,4,0.0512,0.5513,27.3253,49.4845,49.4934,410.4294,410.5078,416.3752,424.7760,424.8735,35,Intel(R) Xeon(R) Gold 6252N CPU @ 2.30GHz
212250,5,1.30,7,4,0.0791,0.5728,26.8556,50.8466,50.8778,406.3703,406.4473,412.1498,439.5366,439.6826,35,Intel(R) Xeon(R) Gold 6154 CPU @ 3.00GHz
212250,5,1.30,7,8,0.0891,0.5601,11.4733,23.9974,24.0067,358.6233,358.6969,361.1010,464.7723,464.8318,35,Intel(R) Xeon(R) Gold 5220 CPU @ 2.20GHz
212250,5,1.30,7,8,0.1096,0.6103,12.4947,25.7694,25.7786,386.1268,386.2049,388.8163,445.7816,446.0000,35,Intel(R) Xeon(R) Gold 6252N CPU @ 2.30GHz
212250,5,1.30,7,8,0.1188,0.6175,12.5298,26.1463,26.1555,387.7250,387.8031,390.4265,430.5858,430.6864,35,Intel(R) Xeon(R) Gold 6252N CPU @ 2.30GHz
212250,5,1.30,7,16,0.0612,0.5586,5.1444,13.9961,14.0054,374.9531,375.0310,375.9828,524.2974,524.4024,35,Intel(R) Xeon(R) Gold 6252N CPU @ 2.30GHz
212250,5,1.30,7,16,0.0616,0.5640,5.1384,13.9010,13.9104,375.0417,375.1195,376.0709,527.4337,527.5335,35,Intel(R) Xeon(R) Gold 6252N CPU @ 2.30GHz
212250,5,1.30,7,16,0.0624,0.5623,5.1143,14.2452,14.2548,374.5991,374.6771,375.6253,541.1194,541.2669,35,Intel(R) Xeon(R) Gold 6252N CPU @ 2.30GHz
212250,5,1.30,7,16,0.0622,0.5633,5.1334,13.9958,14.0051,375.4240,375.5022,376.4556,536.1755,536.3079,35,Intel(R) Xeon(R) Gold 6252N CPU @ 2.30GHz
212250,5,1.30,7,4,0.0484,0.5514,27.6748,49.5779,49.5873,413.6992,413.7779,419.6553,424.2806,424.4035,35,Intel(R) Xeon(R) Gold 6252N CPU @ 2.30GHz
212250,5,1.30,7,4,0.0868,0.5805,26.8721,50.0395,50.0714,403.0697,403.1473,408.8509,444.8411,444.9471,35,Intel(R) Xeon(R) Gold 6154 CPU @ 3.00GHz
212250,5,1.30,7,8,0.1099,0.5739,11.5341,24.1562,24.1653,359.1800,359.2531,361.6530,463.6588,463.7264,35,Intel(R) Xeon(R) Gold 5220 CPU @ 2.20GHz
212250,5,1.30,7,2,0.0527,0.5475,67.0237,87.5686,87.5779,441.9549,442.0328,457.7549,464.7987,465.4305,35,Intel(R) Xeon(R) Gold 6140M CPU @ 2.30GHz
212250,5,1.30,7,2,0.0501,0.5461,68.5107,90.0699,90.0790,450.9329,451.0107,467.0743,475.9626,476.4831,35,Intel(R) Xeon(R) Gold 6252N CPU @ 2.30GHz
212250,5,1.30,7,1,0.0159,0.4898,148.6849,148.7004,148.7084,489.1326,489.2057,526.5298,526.5356,527.0501,35,Intel(R) Xeon(R) Gold 5218 CPU @ 2.30GHz
212250,5,1.30,7,1,0.0142,0.4855,146.7954,146.8114,146.8194,484.6699,484.7433,521.6842,521.6899,521.9708,35,Intel(R) Xeon(R) Gold 5218 CPU @ 2.30GHz
212250,5,1.30,7,1,0.0167,0.5142,153.9899,154.0063,154.0146,509.5810,509.6577,548.4383,548.4451,548.8688,35,Intel(R) Xeon(R) Gold 6140M CPU @ 2.30GHz
212250,5,1.30,7,1,0.1844,0.6923,157.5120,157.5278,157.5365,518.9667,519.0442,558.8200,558.8256,559.2287,35,Intel(R) Xeon(R) Gold 6252N CPU @ 2.30GHz
212250,5,1.30,7,4,0.0515,0.3879,15.8981,49.5076,49.5142,300.2328,300.2867,303.5425,424.3337,424.5422,35,Intel(R) Xeon(R) Gold 6418H
212250,5,1.30,7,8,0.1311,0.6308,12.6117,24.0435,24.0529,387.9019,387.9804,390.6074,458.2945,458.3773,35,Intel(R) Xeon(R) Gold 6252N CPU @ 2.30GHz
212250,5,1.30,7,8,0.1495,0.6481,12.3709,25.7891,25.8095,386.8947,386.9729,389.5284,472.9543,473.0758,35,Intel(R) Xeon(R) Gold 6140M CPU @ 2.30GHz
212250,5,1.30,7,1,0.0146,0.5109,157.7655,157.7808,157.7894,524.3813,524.4591,564.2408,564.2463,564.5251,35,Intel(R) Xeon(R) Gold 6252N CPU @ 2.30GHz
212250,5,1.30,7,8,0.1307,0.4709,7.0478,15.5349,15.5409,266.0827,266.1367,267.6015,268.1165,268.5502,35,Intel(R) Xeon(R) Gold 6418H
212250,5,1.30,7,8,0.1211,0.6212,12.6051,23.9943,24.0037,387.8526,387.9317,390.5526,457.9863,458.0438,35,Intel(R) Xeon(R) Gold 6252N CPU @ 2.30GHz
212250,5,1.30,7,16,0.0886,0.4274,2.8600,8.3522,8.3586,258.3754,258.4294,258.9698,397.6612,398.0788,35,Intel(R) Xeon(R) Gold 6418H
212250,5,1.30,7,16,0.0623,0.5634,5.0711,8.1875,8.1960,369.1907,369.2686,370.2198,394.9728,395.0990,35,Intel(R) Xeon(R) Gold 6252N CPU @ 2.30GHz
212250,5,1.30,7,16,0.0636,0.5619,5.0518,8.0818,8.0903,368.8138,368.8916,369.8418,395.7607,395.8498,35,Intel(R) Xeon(R) Gold 6252N CPU @ 2.30GHz
212250,5,1.30,7,16,0.0667,0.4040,2.8386,8.3207,8.3270,258.1746,258.2287,258.7654,397.2482,397.6481,35,Intel(R) Xeon(R) Gold 6418H
212250,5,1.30,7,16,0.0621,0.5646,5.0763,8.1441,8.1527,369.2374,369.3157,370.2659,395.7313,395.8025,35,Intel(R) Xeon(R) Gold 6252N CPU @ 2.30GHz
212250,5,1.30,7,32,0.1230,0.4541,1.5982,4.9474,4.9546,248.9888,249.0422,249.3138,469.7105,470.0575,35,Intel(R) Xeon(R) Gold 6418H
212250,5,1.30,7,32,0.1017,0.4331,1.5761,5.0669,5.0741,248.7446,248.7985,249.0686,468.9453,469.2238,35,Intel(R) Xeon(R) Gold 6418H
212250,5,1.30,7,32,0.0897,0.4203,1.5625,4.8838,4.8901,249.1502,249.2037,249.4724,469.4146,469.7630,35,Intel(R) Xeon(R) Gold 6418H
849750,5,1.30,7,16,0.2407,1.9842,42.2151,103.1446,103.1702,4852.2164,4852.4933,4858.8378,8015.2125,8015.7334,90,Intel(R) Xeon(R) Gold 6418H
849750,5,1.30,7,16,0.2373,2.9410,69.7526,169.2404,169.2787,7798.8886,7799.3022,7811.0255,10766.4022,10766.6187,90,Intel(R) Xeon(R) Gold 6252N CPU @ 2.30GHz
849750,5,1.30,7,16,0.2997,2.9929,69.6863,169.4296,169.4620,7804.3809,7804.7952,7816.4857,10600.7059,10601.2478,90,Intel(R) Xeon(R) Gold 6252N CPU @ 2.30GHz
849750,5,1.30,7,16,0.3406,2.0830,42.2306,102.0487,102.0749,4905.5403,4905.8160,4912.1526,8032.8765,8033.3269,90,Intel(R) Xeon(R) Gold 6418H
849750,5,1.30,7,16,0.2598,2.9549,69.8670,171.7419,171.7749,7765.1709,7765.5827,7777.2432,10645.7993,10646.0087,90,Intel(R) Xeon(R) Gold 6252N CPU @ 2.30GHz
849750,5,1.30,7,16,0.2523,1.9938,42.0655,101.9656,101.9909,4825.1033,4825.3789,4831.7141,8012.0342,8012.5236,90,Intel(R) Xeon(R) Gold 6418H
849750,5,1.30,7,16,0.2966,2.9863,69.6462,170.4475,170.4803,7808.0170,7808.4302,7820.0872,10915.1725,10915.4059,90,Intel(R) Xeon(R) Gold 6252N CPU @ 2.30GHz
849750,5,1.30,7,16,0.3794,2.1103,43.6525,169.4953,169.5227,4940.9568,4941.2337,4947.5550,10914.1920,10914.3986,90,Intel(R) Xeon(R) Gold 6418H
849750,5,1.30,7,16,0.2661,2.0064,42.0490,100.6567,100.6828,4737.8159,4738.0916,4744.3298,8024.0422,8024.5063,90,Intel(R) Xeon(R) Gold 6418H
